{
  "accuracy": 0.9088953052555596,
  "roc_auc": 0.982066705387503,
  "timestamp": "2025-12-27T16:22:13.546366",
  "matches_count": 360188
}